#project_name,workflow_name,workflow_path,job_name,job_conclusion_w_instrumentation,job_conclusion_wo_instrumentation,failed_step_w_instrumentation,job_runtime_w_instrumentation,job_runtime_w_instrumentation_2,inotify_log_path,log_file_w_instrumentation,log_file_wo_instrumentation,build_log_w_instrumentaion,build_log_w_instrumentaion_2,ci_analyzes_branch
commons-lang,Coverage,.github/workflows/codeql-analysis.yml,build (8),failure,failure,Build with Maven,86,,https://github.com/UT-SE-Research/ci-analyzes/tree/1680156014-f3221fe/commons-lang/.github/workflows/coverage/build_java_8,/home/jhilke/researh/ut-se/optimizing-ci-builds/log-analysis/logs/1680156014-f3221fe/commons-lang/Coverage.json,https://github.com/optimizing-ci-builds/commons-lang/actions/runs/4561096139/jobs/8046672935,,,1680156014-f3221fe
commons-lang,Java CI,.github/workflows/codeql-analysis.yml,build (8; false),failure,cancelled,Build with Maven,69,,https://github.com/UT-SE-Research/ci-analyzes/tree/1680156014-f3221fe/commons-lang/.github/workflows/maven/build_java_8_experimental_false,/home/jhilke/researh/ut-se/optimizing-ci-builds/log-analysis/logs/1680156014-f3221fe/commons-lang/Java CI.json,https://github.com/optimizing-ci-builds/commons-lang/actions/runs/4561096137/jobs/8046674163,,,1680156014-f3221fe
commons-lang,Java CI,.github/workflows/codeql-analysis.yml,build (11; false),cancelled,failure,,0,,,,https://github.com/optimizing-ci-builds/commons-lang/actions/runs/4561096137/jobs/8046674383,,,1680156014-f3221fe
commons-lang,Java CI,.github/workflows/codeql-analysis.yml,build (17; false),cancelled,cancelled,,57,,https://github.com/UT-SE-Research/ci-analyzes/tree/1680156014-f3221fe/commons-lang/.github/workflows/maven/build_java_17_experimental_false,,https://github.com/optimizing-ci-builds/commons-lang/actions/runs/4561096137/jobs/8046674542,,,1680156014-f3221fe
soot,Soot CI,.github/workflows/ci.yml,Build and Test with java 8,success,success,,1596,236,https://github.com/UT-SE-Research/ci-analyzes/tree/1680156014-f3221fe/soot/.github/workflows/ci/BuildAndTest_java_version_8,/home/jhilke/researh/ut-se/optimizing-ci-builds/log-analysis/logs/1680156014-f3221fe/soot/Soot CI.json,https://github.com/optimizing-ci-builds/soot/actions/runs/4561096823/jobs/8046674006,/home/jhilke/researh/ut-se/optimizing-ci-builds/log-analysis/analysis/rq2/log_wo_instrumentation/soot/Soot CI.json,https://github.com/optimizing-ci-builds/soot/actions/runs/4500234786/jobs/7919095723,1680156014-f3221fe
soot,Soot CI,.github/workflows/ci.yml,Build and Test with java 9,success,success,,1796,283,https://github.com/UT-SE-Research/ci-analyzes/tree/1680156014-f3221fe/soot/.github/workflows/ci/BuildAndTest_java_version_9,,https://github.com/optimizing-ci-builds/soot/actions/runs/4561096823/jobs/8046674252,/home/jhilke/researh/ut-se/optimizing-ci-builds/log-analysis/analysis/rq2/log_wo_instrumentation/soot/Soot CI.json,https://github.com/optimizing-ci-builds/soot/actions/runs/4500234786/jobs/7919095917,1680156014-f3221fe
soot,Soot CI,.github/workflows/ci.yml,Build and Test with java 11,success,success,,2379,272,https://github.com/UT-SE-Research/ci-analyzes/tree/1680156014-f3221fe/soot/.github/workflows/ci/BuildAndTest_java_version_11,,https://github.com/optimizing-ci-builds/soot/actions/runs/4561096823/jobs/8046674473,/home/jhilke/researh/ut-se/optimizing-ci-builds/log-analysis/analysis/rq2/log_wo_instrumentation/soot/Soot CI.json,https://github.com/optimizing-ci-builds/soot/actions/runs/4500234786/jobs/7919096054,1680156014-f3221fe
soot,Soot CI,.github/workflows/ci.yml,Check styleÂ´and license conformity,success,success,,337,34,https://github.com/UT-SE-Research/ci-analyzes/tree/1680156014-f3221fe/soot/.github/workflows/ci/StyleAndLicense,,https://github.com/optimizing-ci-builds/soot/actions/runs/4561096823/jobs/8046674679,/home/jhilke/researh/ut-se/optimizing-ci-builds/log-analysis/analysis/rq2/log_wo_instrumentation/soot/Soot CI.json,https://github.com/optimizing-ci-builds/soot/actions/runs/4500234786/jobs/7919095551,1680156014-f3221fe
soot,Soot CI,.github/workflows/ci.yml,Deploy artifacts to Maven Central,failure,skipped,Deploy artifacts,2879,0,https://github.com/UT-SE-Research/ci-analyzes/tree/1680156014-f3221fe/soot/.github/workflows/ci/DeployArtifacts,,https://github.com/optimizing-ci-builds/soot/actions/runs/4561096823/jobs/8047908101,/home/jhilke/researh/ut-se/optimizing-ci-builds/log-analysis/analysis/rq2/log_wo_instrumentation/soot/Soot CI.json,https://github.com/optimizing-ci-builds/soot/actions/runs/4500234786/jobs/7919176516,1680156014-f3221fe
webdrivermanager,build,.github/workflows/build.yml,build (ubuntu-latest; 11),cancelled,cancelled,,121,2115,https://github.com/UT-SE-Research/ci-analyzes/tree/1680156014-f3221fe/webdrivermanager/.github/workflows/build/build_os_ubuntu-latest_java_11,/home/jhilke/researh/ut-se/optimizing-ci-builds/log-analysis/logs/1680156014-f3221fe/webdrivermanager/build.json,https://github.com/optimizing-ci-builds/webdrivermanager/actions/runs/4570812068/jobs/8068515955,/home/jhilke/researh/ut-se/optimizing-ci-builds/log-analysis/logs/one-run-to-find-them-all/webdrivermanager/build.json,https://github.com/optimizing-ci-builds/webdrivermanager/actions/runs/4300471298/jobs/7496687386,1680156014-f3221fe
webdrivermanager,build,.github/workflows/build.yml,build (windows-latest; 11),cancelled,cancelled,,126,2083,https://github.com/UT-SE-Research/ci-analyzes/tree/1680156014-f3221fe/webdrivermanager/.github/workflows/build/build_os_windows-latest_java_11,,https://github.com/optimizing-ci-builds/webdrivermanager/actions/runs/4570812068/jobs/8068516028,/home/jhilke/researh/ut-se/optimizing-ci-builds/log-analysis/logs/one-run-to-find-them-all/webdrivermanager/build.json,https://github.com/optimizing-ci-builds/webdrivermanager/actions/runs/4300471298/jobs/7496687453,1680156014-f3221fe
webdrivermanager,build,.github/workflows/build.yml,build (macos-latest; 11),failure,failure,Run sudo apt update,69,2106,https://github.com/UT-SE-Research/ci-analyzes/tree/1680156014-f3221fe/webdrivermanager/.github/workflows/build/build_os_macos-latest_java_11,,https://github.com/optimizing-ci-builds/webdrivermanager/actions/runs/4570812068/jobs/8068516120,/home/jhilke/researh/ut-se/optimizing-ci-builds/log-analysis/logs/one-run-to-find-them-all/webdrivermanager/build.json,https://github.com/optimizing-ci-builds/webdrivermanager/actions/runs/4300471298/jobs/7496687503,1680156014-f3221fe
UniversalMediaServer,Universal Media Server CI,.github/workflows/ci.yaml,linux-bionic (17),success,success,,1443,,https://github.com/UT-SE-Research/ci-analyzes/tree/1680156014-f3221fe/UniversalMediaServer/.github/workflows/ci.yaml/linuxbionic_java-version_17,/home/jhilke/researh/ut-se/optimizing-ci-builds/log-analysis/logs/1680156014-f3221fe/UniversalMediaServer/Universal Media Server CI.json,https://github.com/optimizing-ci-builds/UniversalMediaServer/actions/runs/4561098073/jobs/8046676169,,,1680156014-f3221fe
UniversalMediaServer,Universal Media Server CI,.github/workflows/ci.yaml,linux-focal (17),success,success,,1628,,https://github.com/UT-SE-Research/ci-analyzes/tree/1680156014-f3221fe/UniversalMediaServer/.github/workflows/ci.yaml/linuxfocal_java-version_17,,https://github.com/optimizing-ci-builds/UniversalMediaServer/actions/runs/4561098073/jobs/8046676396,,,1680156014-f3221fe
UniversalMediaServer,Universal Media Server CI,.github/workflows/ci.yaml,macos (9.4.1; 17),failure,,Run sudo apt update,44,,https://github.com/UT-SE-Research/ci-analyzes/tree/1680156014-f3221fe/UniversalMediaServer/.github/workflows/ci.yaml/macos_xcode_9.4.1_java-version_17,,https://github.com/optimizing-ci-builds/UniversalMediaServer/actions/runs/4561098073/jobs/8046676530,,,1680156014-f3221fe
UniversalMediaServer,Universal Media Server CI,.github/workflows/ci.yaml,macos (latest; 17),cancelled,,,30,,https://github.com/UT-SE-Research/ci-analyzes/tree/1680156014-f3221fe/UniversalMediaServer/.github/workflows/ci.yaml/macos_xcode_latest_java-version_17,,https://github.com/optimizing-ci-builds/UniversalMediaServer/actions/runs/4561098073/jobs/8046676662,,,1680156014-f3221fe
UniversalMediaServer,Universal Media Server CI,.github/workflows/ci.yaml,windows-latest (17),failure,,Run sudo apt update,138,,https://github.com/UT-SE-Research/ci-analyzes/tree/1680156014-f3221fe/UniversalMediaServer/.github/workflows/ci.yaml/windowslatest_java-version_17,,https://github.com/optimizing-ci-builds/UniversalMediaServer/actions/runs/4561098073/jobs/8046676826,,,1680156014-f3221fe
symphony,Build Test,.github/workflows/ci.yml,build,success,success,,425,37,https://github.com/UT-SE-Research/ci-analyzes/tree/1680156014-f3221fe/symphony/.github/workflows/ci/build,/home/jhilke/researh/ut-se/optimizing-ci-builds/log-analysis/logs/1680156014-f3221fe/symphony/Build Test.json,https://github.com/optimizing-ci-builds/symphony/actions/runs/4561098897/jobs/8046678914,/home/jhilke/researh/ut-se/optimizing-ci-builds/log-analysis/logs/one-run-to-find-them-all/symphony/Build Test.json,https://github.com/optimizing-ci-builds/symphony/actions/runs/4300472020/jobs/7496688752,1680156014-f3221fe
symphony,Docker Image CI,.github/workflows/ci.yml,build,failure,,Build the Docker image,136,,https://github.com/UT-SE-Research/ci-analyzes/tree/1680156014-f3221fe/symphony/.github/workflows/dockerimage/build,/home/jhilke/researh/ut-se/optimizing-ci-builds/log-analysis/logs/1680156014-f3221fe/symphony/Docker Image CI.json,https://github.com/optimizing-ci-builds/symphony/actions/runs/4561098900/jobs/8046677737,,,1680156014-f3221fe
neo4j-apoc-procedures,CI,.github/workflows/CI.yaml,build,success,failure,,3995,836,https://github.com/UT-SE-Research/ci-analyzes/tree/1680156014-f3221fe/neo4j-apoc-procedures/.github/workflows/auto-cherry-pick/build,/home/jhilke/researh/ut-se/optimizing-ci-builds/log-analysis/logs/1680156014-f3221fe/neo4j-apoc-procedures/CI.json,https://github.com/optimizing-ci-builds/neo4j-apoc-procedures/actions/runs/4561099568/jobs/8046678978,/home/jhilke/researh/ut-se/optimizing-ci-builds/log-analysis/logs/one-run-to-find-them-all/neo4j-apoc-procedures/CI.json,https://github.com/optimizing-ci-builds/neo4j-apoc-procedures/actions/runs/4300472338/jobs/7496689472,1680156014-f3221fe
spring-data-redis,Spring Data GitHub Issues,.github/workflows/project.yml,Pull-Request,failure,failure,Create or Update Pull Request Card,55,3,https://github.com/UT-SE-Research/ci-analyzes/tree/1680156014-f3221fe/spring-data-redis/.github/workflows/project/PullRequest,/home/jhilke/researh/ut-se/optimizing-ci-builds/log-analysis/logs/1680156014-f3221fe/spring-data-redis/Spring Data GitHub Issues.json,https://github.com/optimizing-ci-builds/spring-data-redis/actions/runs/4561100352/jobs/8046680817,/home/jhilke/researh/ut-se/optimizing-ci-builds/log-analysis/logs/one-run-to-find-them-all/spring-data-redis/Spring Data GitHub Issues.json,https://github.com/optimizing-ci-builds/spring-data-redis/actions/runs/4300472858/jobs/7496690614,1680156014-f3221fe
spring-data-redis,Spring Data GitHub Issues,.github/workflows/project.yml,Inbox,failure,failure,Create or Update Issue Card,94,2,https://github.com/UT-SE-Research/ci-analyzes/tree/1680156014-f3221fe/spring-data-redis/.github/workflows/project/Inbox,,https://github.com/optimizing-ci-builds/spring-data-redis/actions/runs/4561100352/jobs/8046680959,/home/jhilke/researh/ut-se/optimizing-ci-builds/log-analysis/logs/one-run-to-find-them-all/spring-data-redis/Spring Data GitHub Issues.json,https://github.com/optimizing-ci-builds/spring-data-redis/actions/runs/4300472858/jobs/7496690730,1680156014-f3221fe
spring-data-redis,Spring Data GitHub Issues,.github/workflows/project.yml,Feedback-Provided,failure,failure,Update Project Card,74,2,https://github.com/UT-SE-Research/ci-analyzes/tree/1680156014-f3221fe/spring-data-redis/.github/workflows/project/FeedbackProvided,,https://github.com/optimizing-ci-builds/spring-data-redis/actions/runs/4561100352/jobs/8046681111,/home/jhilke/researh/ut-se/optimizing-ci-builds/log-analysis/logs/one-run-to-find-them-all/spring-data-redis/Spring Data GitHub Issues.json,https://github.com/optimizing-ci-builds/spring-data-redis/actions/runs/4300472858/jobs/7496690526,1680156014-f3221fe
gitlab-plugin,.github/workflows/release-drafter.yml,.github/workflows/jenkins-security-scan.yml,update_release_draft,failure,,Run release-drafter/release-drafter@v5,33,,https://github.com/UT-SE-Research/ci-analyzes/tree/1680156014-f3221fe/gitlab-plugin/.github/workflows/release-drafter/updatereleasedraft,/home/jhilke/researh/ut-se/optimizing-ci-builds/log-analysis/logs/1680156014-f3221fe/gitlab-plugin/release-drafter.json,https://github.com/optimizing-ci-builds/gitlab-plugin/actions/runs/4561101162/jobs/8046682713,,,1680156014-f3221fe
fabric-sdk-java,Build,.github/workflows/build.yml,test (8),success,success,,2272,990,https://github.com/UT-SE-Research/ci-analyzes/tree/1680156014-f3221fe/fabric-sdk-java/.github/workflows/build/test_java-version_8,/home/jhilke/researh/ut-se/optimizing-ci-builds/log-analysis/logs/1680156014-f3221fe/fabric-sdk-java/Build.json,https://github.com/optimizing-ci-builds/fabric-sdk-java/actions/runs/4561101760/jobs/8046684166,/home/jhilke/researh/ut-se/optimizing-ci-builds/log-analysis/analysis/rq2/log_wo_instrumentation/fabric-sdk-java/Build.json,https://github.com/optimizing-ci-builds/fabric-sdk-java/actions/runs/4503121362/jobs/7925893199,1680156014-f3221fe
fabric-sdk-java,Build,.github/workflows/build.yml,test (11),success,success,,1855,996,https://github.com/UT-SE-Research/ci-analyzes/tree/1680156014-f3221fe/fabric-sdk-java/.github/workflows/build/test_java-version_11,,https://github.com/optimizing-ci-builds/fabric-sdk-java/actions/runs/4561101760/jobs/8046684280,/home/jhilke/researh/ut-se/optimizing-ci-builds/log-analysis/analysis/rq2/log_wo_instrumentation/fabric-sdk-java/Build.json,https://github.com/optimizing-ci-builds/fabric-sdk-java/actions/runs/4503121362/jobs/7925893396,1680156014-f3221fe
fabric-sdk-java,Build,.github/workflows/build.yml,test (17),success,success,,1897,1122,https://github.com/UT-SE-Research/ci-analyzes/tree/1680156014-f3221fe/fabric-sdk-java/.github/workflows/build/test_java-version_17,,https://github.com/optimizing-ci-builds/fabric-sdk-java/actions/runs/4561101760/jobs/8046684382,/home/jhilke/researh/ut-se/optimizing-ci-builds/log-analysis/analysis/rq2/log_wo_instrumentation/fabric-sdk-java/Build.json,https://github.com/optimizing-ci-builds/fabric-sdk-java/actions/runs/4503121362/jobs/7925893652,1680156014-f3221fe
github-api,CI,.github/workflows/codeql-analysis.yml,test (ubuntu; Java 8),success,success,,1017,,,/home/jhilke/researh/ut-se/optimizing-ci-builds/log-analysis/logs/1680156014-f3221fe/github-api/CI.json,https://github.com/optimizing-ci-builds/github-api/actions/runs/4247857360/jobs/7386365135,,,1680156014-f3221fe
github-api,CI,.github/workflows/codeql-analysis.yml,build-only (Java 17),success,success,,250,,,,https://github.com/optimizing-ci-builds/github-api/actions/runs/4247857360/jobs/7386365340,,,1680156014-f3221fe
github-api,CI,.github/workflows/codeql-analysis.yml,site (Java 11),success,success,,192,,,,https://github.com/optimizing-ci-builds/github-api/actions/runs/4247857360/jobs/7386365447,,,1680156014-f3221fe
github-api,CI,.github/workflows/codeql-analysis.yml,test (ubuntu; Java 11),success,success,,2555,,,,https://github.com/optimizing-ci-builds/github-api/actions/runs/4247857360/jobs/7386365560,,,1680156014-f3221fe
github-api,CI,.github/workflows/codeql-analysis.yml,test (ubuntu; Java 17),success,success,,2190,,,,https://github.com/optimizing-ci-builds/github-api/actions/runs/4247857360/jobs/7386365666,,,1680156014-f3221fe
github-api,CI,.github/workflows/codeql-analysis.yml,test (windows; Java 11),failure,success,Run sudo apt update,122,,,,https://github.com/optimizing-ci-builds/github-api/actions/runs/4247857360/jobs/7386365761,,,1680156014-f3221fe
github-api,CI,.github/workflows/codeql-analysis.yml,test (windows; Java 17),failure,success,Run sudo apt update,102,,,,https://github.com/optimizing-ci-builds/github-api/actions/runs/4247857360/jobs/7386365862,,,1680156014-f3221fe
mcMMO,Compile and test,.github/workflows/maven.yml,Maven compiler,success,success,,123,42,https://github.com/UT-SE-Research/ci-analyzes/tree/1680156014-f3221fe/mcMMO/.github/workflows/maven/compile,/home/jhilke/researh/ut-se/optimizing-ci-builds/log-analysis/logs/1680156014-f3221fe/mcMMO/Compile and test.json,https://github.com/optimizing-ci-builds/mcMMO/actions/runs/4561102930/jobs/8046686433,/home/jhilke/researh/ut-se/optimizing-ci-builds/log-analysis/analysis/rq2/log_wo_instrumentation/mcMMO/Compile and test.json,https://github.com/optimizing-ci-builds/mcMMO/actions/runs/4503730959/jobs/7952092417,1680156014-f3221fe
cucumber-java-skeleton,Cucumber CI,.github/workflows/build.yml,Build,success,success,,109,55,https://github.com/UT-SE-Research/ci-analyzes/tree/1680156014-f3221fe/cucumber-java-skeleton/.github/workflows/build/build,/home/jhilke/researh/ut-se/optimizing-ci-builds/log-analysis/logs/1680156014-f3221fe/cucumber-java-skeleton/Cucumber CI.json,https://github.com/optimizing-ci-builds/cucumber-java-skeleton/actions/runs/4570814625/jobs/8068520297,/home/jhilke/researh/ut-se/optimizing-ci-builds/log-analysis/analysis/rq2/log_wo_instrumentation_old/cucumber-java-skeleton/Cucumber CI.json,https://github.com/optimizing-ci-builds/cucumber-java-skeleton/actions/runs/4513284075/jobs/7947913999,1680156014-f3221fe
spring-framework-petclinic,Java CI with Maven,.github/workflows/maven-build.yml,build,success,success,,84,,https://github.com/UT-SE-Research/ci-analyzes/tree/1680156014-f3221fe/spring-framework-petclinic/.github/workflows/maven-build/build,/home/jhilke/researh/ut-se/optimizing-ci-builds/log-analysis/logs/1680156014-f3221fe/spring-framework-petclinic/Java CI with Maven.json,https://github.com/optimizing-ci-builds/spring-framework-petclinic/actions/runs/4561106457/jobs/8046693826,,,1680156014-f3221fe
spring-petclinic-rest,Java CI with Maven,.github/workflows/maven-build.yml,build,success,success,,103,53,https://github.com/UT-SE-Research/ci-analyzes/tree/1680156014-f3221fe/spring-petclinic-rest/.github/workflows/maven-build/build,/home/jhilke/researh/ut-se/optimizing-ci-builds/log-analysis/logs/1680156014-f3221fe/spring-petclinic-rest/Java CI with Maven.json,https://github.com/optimizing-ci-builds/spring-petclinic-rest/actions/runs/4561106510/jobs/8046693862,/home/jhilke/researh/ut-se/optimizing-ci-builds/log-analysis/analysis/rq2/log_wo_instrumentation/spring-petclinic-rest/Java CI with Maven.json,https://github.com/optimizing-ci-builds/spring-petclinic-rest/actions/runs/4500555025/jobs/7919946324,1680156014-f3221fe
email-ext-plugin,.github/workflows/release-drafter.yml,.github/workflows/jenkins-security-scan.yml,update_release_draft,failure,,Run release-drafter/release-drafter@v5,41,,https://github.com/UT-SE-Research/ci-analyzes/tree/1680156014-f3221fe/email-ext-plugin/.github/workflows/release-drafter/updatereleasedraft,/home/jhilke/researh/ut-se/optimizing-ci-builds/log-analysis/logs/1680156014-f3221fe/email-ext-plugin/release-drafter.json,https://github.com/optimizing-ci-builds/email-ext-plugin/actions/runs/4561106829/jobs/8046694703,,,1680156014-f3221fe
ec2-plugin,Release Drafter,.github/workflows/release-drafter.yml,update_release_draft,failure,failure,Run release-drafter/release-drafter@v5,44,3,https://github.com/UT-SE-Research/ci-analyzes/tree/1680156014-f3221fe/ec2-plugin/.github/workflows/release-drafter/updatereleasedraft,/home/jhilke/researh/ut-se/optimizing-ci-builds/log-analysis/logs/1680156014-f3221fe/ec2-plugin/Release Drafter.json,https://github.com/optimizing-ci-builds/ec2-plugin/actions/runs/4561107076/jobs/8046695381,/home/jhilke/researh/ut-se/optimizing-ci-builds/log-analysis/logs/one-run-to-find-them-all/ec2-plugin/Release Drafter.json,https://github.com/optimizing-ci-builds/ec2-plugin/actions/runs/4300475613/jobs/7496695993,1680156014-f3221fe
git-client-plugin,Release Drafter,.github/workflows/labeler.yml,update_release_draft,failure,failure,Run release-drafter/release-drafter@v5,35,3,https://github.com/UT-SE-Research/ci-analyzes/tree/1680156014-f3221fe/git-client-plugin/.github/workflows/release-drafter/updatereleasedraft,/home/jhilke/researh/ut-se/optimizing-ci-builds/log-analysis/logs/1680156014-f3221fe/git-client-plugin/Release Drafter.json,https://github.com/optimizing-ci-builds/git-client-plugin/actions/runs/4561107441/jobs/8046696157,/home/jhilke/researh/ut-se/optimizing-ci-builds/log-analysis/logs/one-run-to-find-them-all/git-client-plugin/Release Drafter.json,https://github.com/optimizing-ci-builds/git-client-plugin/actions/runs/4371045569/jobs/7646548681,1680156014-f3221fe
matsim-example-project,Java CI with Maven,.github/workflows/maven.yml,build,success,success,,322,259,https://github.com/UT-SE-Research/ci-analyzes/tree/1680156014-f3221fe/matsim-example-project/.github/workflows/maven/build,/home/jhilke/researh/ut-se/optimizing-ci-builds/log-analysis/logs/1680156014-f3221fe/matsim-example-project/Java CI with Maven.json,https://github.com/optimizing-ci-builds/matsim-example-project/actions/runs/4561107704/jobs/8046696871,/home/jhilke/researh/ut-se/optimizing-ci-builds/log-analysis/analysis/rq2/log_wo_instrumentation/matsim-example-project/Java CI with Maven.json,https://github.com/optimizing-ci-builds/matsim-example-project/actions/runs/4501430191/jobs/7921851929,1680156014-f3221fe
pipelines-java,CodeQL,.github/workflows/codeql-analysis.yml,Analyze (java),success,success,,150,94,https://github.com/UT-SE-Research/ci-analyzes/tree/1680156014-f3221fe/pipelines-java/.github/workflows/codeql-analysis/analyze_language_java,/home/jhilke/researh/ut-se/optimizing-ci-builds/log-analysis/logs/1680156014-f3221fe/pipelines-java/CodeQL.json,https://github.com/optimizing-ci-builds/pipelines-java/actions/runs/4561110232/jobs/8046701752,/home/jhilke/researh/ut-se/optimizing-ci-builds/log-analysis/logs/one-run-to-find-them-all/pipelines-java/CodeQL.json,https://github.com/optimizing-ci-builds/pipelines-java/actions/runs/4300476873/jobs/7496698522,1680156014-f3221fe
my-app,Java CI,.github/workflows/maven.yml,build,success,success,,53,23,https://github.com/UT-SE-Research/ci-analyzes/tree/1680156014-f3221fe/my-app/.github/workflows/maven/build,/home/jhilke/researh/ut-se/optimizing-ci-builds/log-analysis/logs/1680156014-f3221fe/my-app/Java CI.json,https://github.com/optimizing-ci-builds/my-app/actions/runs/4561110175/jobs/8046701648,/home/jhilke/researh/ut-se/optimizing-ci-builds/log-analysis/logs/one-run-to-find-them-all/my-app/Java CI.json,https://github.com/optimizing-ci-builds/my-app/actions/runs/4300476527/jobs/7496698362,1680156014-f3221fe
repository-permissions-updater,Hosting checker,.github/workflows/hosting-comment-checker.yml,hosting,failure,failure,Run hosting checker,211,112,https://github.com/UT-SE-Research/ci-analyzes/tree/1680156014-f3221fe/repository-permissions-updater/.github/workflows/hosting-issue-checker/hosting,/home/jhilke/researh/ut-se/optimizing-ci-builds/log-analysis/logs/1680156014-f3221fe/repository-permissions-updater/Hosting checker.json,https://github.com/optimizing-ci-builds/repository-permissions-updater/actions/runs/4561109263/jobs/8046699817,/home/jhilke/researh/ut-se/optimizing-ci-builds/log-analysis/logs/one-run-to-find-them-all/repository-permissions-updater/Hosting checker.json,https://github.com/optimizing-ci-builds/repository-permissions-updater/actions/runs/4300476720/jobs/7496698163,1680156014-f3221fe
repository-permissions-updater,Hosting hoster,.github/workflows/hosting-comment-checker.yml,validate,failure,,Ack,51,,https://github.com/UT-SE-Research/ci-analyzes/tree/1680156014-f3221fe/repository-permissions-updater/.github/workflows/hosting-comment-hoster/validate,/home/jhilke/researh/ut-se/optimizing-ci-builds/log-analysis/logs/1680156014-f3221fe/repository-permissions-updater/Hosting hoster.json,https://github.com/optimizing-ci-builds/repository-permissions-updater/actions/runs/4561109264/jobs/8046699814,,,1680156014-f3221fe
repository-permissions-updater,Hosting hoster,.github/workflows/hosting-comment-checker.yml,hosting,skipped,,,0,,,,https://github.com/optimizing-ci-builds/repository-permissions-updater/actions/runs/4561109264/jobs/8046838778,,,1680156014-f3221fe
repository-permissions-updater,Hosting re-checker,.github/workflows/hosting-comment-checker.yml,hosting,failure,,Ack,34,,https://github.com/UT-SE-Research/ci-analyzes/tree/1680156014-f3221fe/repository-permissions-updater/.github/workflows/hosting-comment-checker/hosting,/home/jhilke/researh/ut-se/optimizing-ci-builds/log-analysis/logs/1680156014-f3221fe/repository-permissions-updater/Hosting re-checker.json,https://github.com/optimizing-ci-builds/repository-permissions-updater/actions/runs/4561109261/jobs/8046699809,,,1680156014-f3221fe
orders,ci,.github/workflows/main.yaml,test,failure,failure,Test docker image,114,105,https://github.com/UT-SE-Research/ci-analyzes/tree/1680156014-f3221fe/orders/.github/workflows/main.yaml/test,/home/jhilke/researh/ut-se/optimizing-ci-builds/log-analysis/logs/1680156014-f3221fe/orders/ci.json,https://github.com/optimizing-ci-builds/orders/actions/runs/4561109751/jobs/8046700872,/home/jhilke/researh/ut-se/optimizing-ci-builds/log-analysis/logs/one-run-to-find-them-all/orders/ci.json,https://github.com/optimizing-ci-builds/orders/actions/runs/4300476878/jobs/7496698536,1680156014-f3221fe
mooc-software-testing,Java CI with Maven,.github/workflows/maven.yml,build,success,success,,73,31,https://github.com/UT-SE-Research/ci-analyzes/tree/1680156014-f3221fe/mooc-software-testing/.github/workflows/maven/build,/home/jhilke/researh/ut-se/optimizing-ci-builds/log-analysis/logs/1680156014-f3221fe/mooc-software-testing/Java CI with Maven.json,https://github.com/optimizing-ci-builds/mooc-software-testing/actions/runs/4561111026/jobs/8046703299,/home/jhilke/researh/ut-se/optimizing-ci-builds/log-analysis/analysis/rq2/log_wo_instrumentation/mooc-software-testing/Java CI with Maven.json,https://github.com/optimizing-ci-builds/mooc-software-testing/actions/runs/4500830582/jobs/7920459155,1680156014-f3221fe
shipping,ci,.github/workflows/main.yml,test,failure,failure,Submit Coveralls,173,71,https://github.com/UT-SE-Research/ci-analyzes/tree/1680156014-f3221fe/shipping/.github/workflows/main/test,/home/jhilke/researh/ut-se/optimizing-ci-builds/log-analysis/logs/1680156014-f3221fe/shipping/ci.json,https://github.com/optimizing-ci-builds/shipping/actions/runs/4561111113/jobs/8046703379,/home/jhilke/researh/ut-se/optimizing-ci-builds/log-analysis/logs/one-run-to-find-them-all/shipping/ci.json,https://github.com/optimizing-ci-builds/shipping/actions/runs/4300477329/jobs/7496699547,1680156014-f3221fe
queue-master,ci,.github/workflows/main.yml,test,failure,failure,Submit Coveralls,167,127,https://github.com/UT-SE-Research/ci-analyzes/tree/1680156014-f3221fe/queue-master/.github/workflows/main/test,/home/jhilke/researh/ut-se/optimizing-ci-builds/log-analysis/logs/1680156014-f3221fe/queue-master/ci.json,https://github.com/optimizing-ci-builds/queue-master/actions/runs/4561111589/jobs/8046704700,/home/jhilke/researh/ut-se/optimizing-ci-builds/log-analysis/logs/one-run-to-find-them-all/queue-master/ci.json,https://github.com/optimizing-ci-builds/queue-master/actions/runs/4300477649/jobs/7496700126,1680156014-f3221fe
mvnwebapp,Java CI with Maven,.github/workflows/maven.yml,build,failure,failure,"Run curl --upload-file deployment/mvnwebapp.war ""***146.148.32.188:8081/manager/text/deploy?path=/githubaction&update=true""",193,144,https://github.com/UT-SE-Research/ci-analyzes/tree/1680156014-f3221fe/mvnwebapp/.github/workflows/maven/build,/home/jhilke/researh/ut-se/optimizing-ci-builds/log-analysis/logs/1680156014-f3221fe/mvnwebapp/Java CI with Maven.json,https://github.com/optimizing-ci-builds/mvnwebapp/actions/runs/4561112045/jobs/8046705540,/home/jhilke/researh/ut-se/optimizing-ci-builds/log-analysis/logs/one-run-to-find-them-all/mvnwebapp/Java CI with Maven.json,https://github.com/optimizing-ci-builds/mvnwebapp/actions/runs/4300478663/jobs/7496702228,1680156014-f3221fe
jv-fruit-shop,Java CI,.github/workflows/ci.yml,build,success,success,,67,15,https://github.com/UT-SE-Research/ci-analyzes/tree/1680156014-f3221fe/jv-fruit-shop/.github/workflows/ci/build,/home/jhilke/researh/ut-se/optimizing-ci-builds/log-analysis/logs/1680156014-f3221fe/jv-fruit-shop/Java CI.json,https://github.com/optimizing-ci-builds/jv-fruit-shop/actions/runs/4561112417/jobs/8046706350,/home/jhilke/researh/ut-se/optimizing-ci-builds/log-analysis/logs/one-run-to-find-them-all/jv-fruit-shop/Java CI.json,https://github.com/optimizing-ci-builds/jv-fruit-shop/actions/runs/4300479078/jobs/7496703078,1680156014-f3221fe
jv-array-list,Java CI,.github/workflows/ci.yml,build,failure,failure,Build with Maven,74,29,https://github.com/UT-SE-Research/ci-analyzes/tree/1680156014-f3221fe/jv-array-list/.github/workflows/ci/build,/home/jhilke/researh/ut-se/optimizing-ci-builds/log-analysis/logs/1680156014-f3221fe/jv-array-list/Java CI.json,https://github.com/optimizing-ci-builds/jv-array-list/actions/runs/4561112813/jobs/8046707409,/home/jhilke/researh/ut-se/optimizing-ci-builds/log-analysis/logs/one-run-to-find-them-all/jv-array-list/Java CI.json,https://github.com/optimizing-ci-builds/jv-array-list/actions/runs/4300479242/jobs/7496703477,1680156014-f3221fe
jv-hash-map,Java CI,.github/workflows/ci.yml,build,failure,failure,Build with Maven,77,18,https://github.com/UT-SE-Research/ci-analyzes/tree/1680156014-f3221fe/jv-hash-map/.github/workflows/ci/build,/home/jhilke/researh/ut-se/optimizing-ci-builds/log-analysis/logs/1680156014-f3221fe/jv-hash-map/Java CI.json,https://github.com/optimizing-ci-builds/jv-hash-map/actions/runs/4561113129/jobs/8046708314,/home/jhilke/researh/ut-se/optimizing-ci-builds/log-analysis/logs/one-run-to-find-them-all/jv-hash-map/Java CI.json,https://github.com/optimizing-ci-builds/jv-hash-map/actions/runs/4300479578/jobs/7496704255,1680156014-f3221fe
jv-linked-list,Java CI,.github/workflows/ci.yml,build,failure,failure,Build with Maven,63,20,https://github.com/UT-SE-Research/ci-analyzes/tree/1680156014-f3221fe/jv-linked-list/.github/workflows/ci/build,/home/jhilke/researh/ut-se/optimizing-ci-builds/log-analysis/logs/1680156014-f3221fe/jv-linked-list/Java CI.json,https://github.com/optimizing-ci-builds/jv-linked-list/actions/runs/4561113486/jobs/8046709081,/home/jhilke/researh/ut-se/optimizing-ci-builds/log-analysis/logs/one-run-to-find-them-all/jv-linked-list/Java CI.json,https://github.com/optimizing-ci-builds/jv-linked-list/actions/runs/4300479984/jobs/7496704904,1680156014-f3221fe
jv-salary-info,Java CI,.github/workflows/ci.yml,build,failure,failure,Build with Maven,74,21,https://github.com/UT-SE-Research/ci-analyzes/tree/1680156014-f3221fe/jv-salary-info/.github/workflows/ci/build,/home/jhilke/researh/ut-se/optimizing-ci-builds/log-analysis/logs/1680156014-f3221fe/jv-salary-info/Java CI.json,https://github.com/optimizing-ci-builds/jv-salary-info/actions/runs/4561113896/jobs/8046710051,/home/jhilke/researh/ut-se/optimizing-ci-builds/log-analysis/logs/one-run-to-find-them-all/jv-salary-info/Java CI.json,https://github.com/optimizing-ci-builds/jv-salary-info/actions/runs/4300480586/jobs/7496705857,1680156014-f3221fe
GradleTestCI,Java CI,.github/workflows/ci.yml,build,success,success,,80,27,https://github.com/UT-SE-Research/ci-analyzes/tree/1680156014-f3221fe/GradleTestCI/.github/workflows/ci/build,/home/jhilke/researh/ut-se/optimizing-ci-builds/log-analysis/logs/1680156014-f3221fe/GradleTestCI/Java CI.json,https://github.com/optimizing-ci-builds/GradleTestCI/actions/runs/4561114444/jobs/8046710981,/home/jhilke/researh/ut-se/optimizing-ci-builds/log-analysis/logs/one-run-to-find-them-all/GradleTestCI/Java CI.json,https://github.com/optimizing-ci-builds/GradleTestCI/actions/runs/4300464899/jobs/7496674188,1680156014-f3221fe
MavenTestCI,Java CI,.github/workflows/ci.yml,build,success,success,,83,36,https://github.com/UT-SE-Research/ci-analyzes/tree/1680156014-f3221fe/MavenTestCI/.github/workflows/ci/build,/home/jhilke/researh/ut-se/optimizing-ci-builds/log-analysis/logs/1680156014-f3221fe/MavenTestCI/Java CI.json,https://github.com/optimizing-ci-builds/MavenTestCI/actions/runs/4561114954/jobs/8046712136,/home/jhilke/researh/ut-se/optimizing-ci-builds/log-analysis/logs/one-run-to-find-them-all/MavenTestCI/Java CI.json,https://github.com/optimizing-ci-builds/MavenTestCI/actions/runs/4300465113/jobs/7496674649,1680156014-f3221fe
bazel,release-helper,.github/workflows/release-helper.yml,release-helper,failure,failure,Run helper,60,3,https://github.com/UT-SE-Research/ci-analyzes/tree/1680156014-f3221fe/bazel/.github/workflows/release-helper/releasehelper,/home/jhilke/researh/ut-se/optimizing-ci-builds/log-analysis/logs/1680156014-f3221fe/bazel/release-helper.json,https://github.com/optimizing-ci-builds/bazel/actions/runs/4561115631/jobs/8046713444,/home/jhilke/researh/ut-se/optimizing-ci-builds/log-analysis/logs/one-run-to-find-them-all/bazel/release-helper.json,https://github.com/optimizing-ci-builds/bazel/actions/runs/4300465772/jobs/7496676013,1680156014-f3221fe
bytecode-viewer,Build BCV,.github/workflows/maven.yml,build (8),cancelled,cancelled,,136,57,https://github.com/UT-SE-Research/ci-analyzes/tree/1680156014-f3221fe/bytecode-viewer/.github/workflows/maven/build_java_8,/home/jhilke/researh/ut-se/optimizing-ci-builds/log-analysis/logs/1680156014-f3221fe/bytecode-viewer/Build BCV.json,https://github.com/optimizing-ci-builds/bytecode-viewer/actions/runs/4561116098/jobs/8046714325,/home/jhilke/researh/ut-se/optimizing-ci-builds/log-analysis/logs/one-run-to-find-them-all/bytecode-viewer/Build BCV.json,https://github.com/optimizing-ci-builds/bytecode-viewer/actions/runs/4300465776/jobs/7496675961,1680156014-f3221fe
bytecode-viewer,Build BCV,.github/workflows/maven.yml,build (11),cancelled,cancelled,,121,54,https://github.com/UT-SE-Research/ci-analyzes/tree/1680156014-f3221fe/bytecode-viewer/.github/workflows/maven/build_java_11,,https://github.com/optimizing-ci-builds/bytecode-viewer/actions/runs/4561116098/jobs/8046714458,/home/jhilke/researh/ut-se/optimizing-ci-builds/log-analysis/logs/one-run-to-find-them-all/bytecode-viewer/Build BCV.json,https://github.com/optimizing-ci-builds/bytecode-viewer/actions/runs/4300465776/jobs/7496676028,1680156014-f3221fe
bytecode-viewer,Build BCV,.github/workflows/maven.yml,build (17),failure,failure,Build with Maven,139,46,https://github.com/UT-SE-Research/ci-analyzes/tree/1680156014-f3221fe/bytecode-viewer/.github/workflows/maven/build_java_17,,https://github.com/optimizing-ci-builds/bytecode-viewer/actions/runs/4561116098/jobs/8046714607,/home/jhilke/researh/ut-se/optimizing-ci-builds/log-analysis/logs/one-run-to-find-them-all/bytecode-viewer/Build BCV.json,https://github.com/optimizing-ci-builds/bytecode-viewer/actions/runs/4300465776/jobs/7496676111,1680156014-f3221fe
Mybatis-PageHelper,Publish package to the Maven Central Repository,.github/workflows/pull-request.yml,publish,failure,failure,Run sudo apt install inotify-tools,100,7,https://github.com/UT-SE-Research/ci-analyzes/tree/1680156014-f3221fe/Mybatis-PageHelper/.github/workflows/release/publish,/home/jhilke/researh/ut-se/optimizing-ci-builds/log-analysis/logs/1680156014-f3221fe/Mybatis-PageHelper/Publish package to the Maven Central Repository.json,https://github.com/optimizing-ci-builds/Mybatis-PageHelper/actions/runs/4561116574/jobs/8046715204,/home/jhilke/researh/ut-se/optimizing-ci-builds/log-analysis/logs/one-run-to-find-them-all/Mybatis-PageHelper/Publish package to the Maven Central Repository.json,https://github.com/optimizing-ci-builds/Mybatis-PageHelper/actions/runs/4300466283/jobs/7496677028,1680156014-f3221fe
Mybatis-PageHelper,Maven verify,.github/workflows/pull-request.yml,mvn_verify,success,success,,91,25,https://github.com/UT-SE-Research/ci-analyzes/tree/1680156014-f3221fe/Mybatis-PageHelper/.github/workflows/pull-request/mvnverify,/home/jhilke/researh/ut-se/optimizing-ci-builds/log-analysis/logs/1680156014-f3221fe/Mybatis-PageHelper/Maven verify.json,https://github.com/optimizing-ci-builds/Mybatis-PageHelper/actions/runs/4561116576/jobs/8046715206,/home/jhilke/researh/ut-se/optimizing-ci-builds/log-analysis/analysis/rq2/log_wo_instrumentation_old/Mybatis-PageHelper/Maven verify.json,https://github.com/optimizing-ci-builds/Mybatis-PageHelper/actions/runs/4520809930/jobs/7962161621,1680156014-f3221fe
Java-WebSocket,SonarQube,.github/workflows/checkstyle.yml,SonarQube,failure,,Build and analyze,512,,https://github.com/UT-SE-Research/ci-analyzes/tree/1680156014-f3221fe/Java-WebSocket/.github/workflows/sonar/build,/home/jhilke/researh/ut-se/optimizing-ci-builds/log-analysis/logs/1680156014-f3221fe/Java-WebSocket/SonarQube.json,https://github.com/optimizing-ci-builds/Java-WebSocket/actions/runs/4561117055/jobs/8046716062,,,1680156014-f3221fe
Java-WebSocket,Continuous Integration,.github/workflows/checkstyle.yml,Build,failure,success,Run sudo apt install inotify-tools,97,17,https://github.com/UT-SE-Research/ci-analyzes/tree/1680156014-f3221fe/Java-WebSocket/.github/workflows/ci/Build,/home/jhilke/researh/ut-se/optimizing-ci-builds/log-analysis/logs/1680156014-f3221fe/Java-WebSocket/Continuous Integration.json,https://github.com/optimizing-ci-builds/Java-WebSocket/actions/runs/4561117052/jobs/8046716082,/home/jhilke/researh/ut-se/optimizing-ci-builds/log-analysis/logs/one-run-to-find-them-all/Java-WebSocket/Continuous Integration.json,https://github.com/optimizing-ci-builds/Java-WebSocket/actions/runs/4300466635/jobs/7496677799,1680156014-f3221fe
Java-WebSocket,Continuous Integration,.github/workflows/checkstyle.yml,Test,failure,failure,Test,245,117,https://github.com/UT-SE-Research/ci-analyzes/tree/1680156014-f3221fe/Java-WebSocket/.github/workflows/ci/Test,,https://github.com/optimizing-ci-builds/Java-WebSocket/actions/runs/4561117052/jobs/8046716199,/home/jhilke/researh/ut-se/optimizing-ci-builds/log-analysis/logs/one-run-to-find-them-all/Java-WebSocket/Continuous Integration.json,https://github.com/optimizing-ci-builds/Java-WebSocket/actions/runs/4300466635/jobs/7496677701,1680156014-f3221fe
Java-WebSocket,Java Code Style Check with Maven,.github/workflows/checkstyle.yml,build,success,,,60,,https://github.com/UT-SE-Research/ci-analyzes/tree/1680156014-f3221fe/Java-WebSocket/.github/workflows/checkstyle/build,/home/jhilke/researh/ut-se/optimizing-ci-builds/log-analysis/logs/1680156014-f3221fe/Java-WebSocket/Java Code Style Check with Maven.json,https://github.com/optimizing-ci-builds/Java-WebSocket/actions/runs/4561117054/jobs/8046716060,,,1680156014-f3221fe
junit4,CI,.github/workflows/main.yml,Build and verify (JDK 6),failure,success,Set up JDK,93,77,https://github.com/UT-SE-Research/ci-analyzes/tree/1680156014-f3221fe/junit4/.github/workflows/main/buildandverify_java_6,/home/jhilke/researh/ut-se/optimizing-ci-builds/log-analysis/logs/1680156014-f3221fe/junit4/CI.json,https://github.com/optimizing-ci-builds/junit4/actions/runs/4561117456/jobs/8046717141,/home/jhilke/researh/ut-se/optimizing-ci-builds/log-analysis/analysis/rq2/log_wo_instrumentation/junit4/CI.json,https://github.com/optimizing-ci-builds/junit4/actions/runs/4501548531/jobs/7922133955,1680156014-f3221fe
junit4,CI,.github/workflows/main.yml,Build and verify (JDK 8),success,success,,204,105,https://github.com/UT-SE-Research/ci-analyzes/tree/1680156014-f3221fe/junit4/.github/workflows/main/buildandverify_java_8,,https://github.com/optimizing-ci-builds/junit4/actions/runs/4561117456/jobs/8046717277,/home/jhilke/researh/ut-se/optimizing-ci-builds/log-analysis/analysis/rq2/log_wo_instrumentation/junit4/CI.json,https://github.com/optimizing-ci-builds/junit4/actions/runs/4501548531/jobs/7922134275,1680156014-f3221fe
junit4,CI,.github/workflows/main.yml,Build and verify (JDK 11),success,success,,243,101,https://github.com/UT-SE-Research/ci-analyzes/tree/1680156014-f3221fe/junit4/.github/workflows/main/buildandverify_java_11,,https://github.com/optimizing-ci-builds/junit4/actions/runs/4561117456/jobs/8046717407,/home/jhilke/researh/ut-se/optimizing-ci-builds/log-analysis/analysis/rq2/log_wo_instrumentation/junit4/CI.json,https://github.com/optimizing-ci-builds/junit4/actions/runs/4501548531/jobs/7922134579,1680156014-f3221fe
junit4,CI,.github/workflows/main.yml,Build and verify (JDK 17),success,success,,236,84,https://github.com/UT-SE-Research/ci-analyzes/tree/1680156014-f3221fe/junit4/.github/workflows/main/buildandverify_java_17,,https://github.com/optimizing-ci-builds/junit4/actions/runs/4561117456/jobs/8046717528,/home/jhilke/researh/ut-se/optimizing-ci-builds/log-analysis/analysis/rq2/log_wo_instrumentation/junit4/CI.json,https://github.com/optimizing-ci-builds/junit4/actions/runs/4501548531/jobs/7922134844,1680156014-f3221fe
junit4,CI,.github/workflows/main.yml,Build and verify (JDK 18),success,,,209,,https://github.com/UT-SE-Research/ci-analyzes/tree/1680156014-f3221fe/junit4/.github/workflows/main/buildandverify_java_18,,https://github.com/optimizing-ci-builds/junit4/actions/runs/4561117456/jobs/8046717654,,,1680156014-f3221fe
junit4,CI,.github/workflows/main.yml,Publish snapshot artifacts,skipped,skipped,,0,0,,,https://github.com/optimizing-ci-builds/junit4/actions/runs/4561117456/jobs/8047434362,/home/jhilke/researh/ut-se/optimizing-ci-builds/log-analysis/analysis/rq2/log_wo_instrumentation/junit4/CI.json,https://github.com/optimizing-ci-builds/junit4/actions/runs/4501548531/jobs/7922182016,1680156014-f3221fe
MinecraftForge,Support Requests,.github/workflows/support.yml,support,success,success,,37,3,https://github.com/UT-SE-Research/ci-analyzes/tree/1680156014-f3221fe/MinecraftForge/.github/workflows/support/support,/home/jhilke/researh/ut-se/optimizing-ci-builds/log-analysis/logs/1680156014-f3221fe/MinecraftForge/Support Requests.json,https://github.com/optimizing-ci-builds/MinecraftForge/actions/runs/4561117806/jobs/8046718003,/home/jhilke/researh/ut-se/optimizing-ci-builds/log-analysis/logs/one-run-to-find-them-all/MinecraftForge/Support Requests.json,https://github.com/optimizing-ci-builds/MinecraftForge/actions/runs/4300466971/jobs/7496678424,1680156014-f3221fe
ysoserial,publish jar,.github/workflows/publish.yml,publish,failure,failure,Publish GitHub release,181,92,https://github.com/UT-SE-Research/ci-analyzes/tree/1680156014-f3221fe/ysoserial/.github/workflows/publish/publish,/home/jhilke/researh/ut-se/optimizing-ci-builds/log-analysis/logs/1680156014-f3221fe/ysoserial/publish jar.json,https://github.com/optimizing-ci-builds/ysoserial/actions/runs/4561118479/jobs/8046719652,/home/jhilke/researh/ut-se/optimizing-ci-builds/log-analysis/logs/one-run-to-find-them-all/ysoserial/publish jar.json,https://github.com/optimizing-ci-builds/ysoserial/actions/runs/4300467372/jobs/7496679365,1680156014-f3221fe
socket.io-client-java,CI,.github/workflows/ci.yml,verify (7),success,success,,239,145,https://github.com/UT-SE-Research/ci-analyzes/tree/1680156014-f3221fe/socket.io-client-java/.github/workflows/ci/verify_java_7,/home/jhilke/researh/ut-se/optimizing-ci-builds/log-analysis/logs/1680156014-f3221fe/socket.io-client-java/CI.json,https://github.com/optimizing-ci-builds/socket.io-client-java/actions/runs/4561118559/jobs/8046719818,/home/jhilke/researh/ut-se/optimizing-ci-builds/log-analysis/analysis/rq2/log_wo_instrumentation/socket.io-client-java/CI.json,https://github.com/optimizing-ci-builds/socket.io-client-java/actions/runs/4500645561/jobs/7920046976,1680156014-f3221fe
socket.io-client-java,CI,.github/workflows/ci.yml,verify (8),success,success,,200,136,https://github.com/UT-SE-Research/ci-analyzes/tree/1680156014-f3221fe/socket.io-client-java/.github/workflows/ci/verify_java_8,,https://github.com/optimizing-ci-builds/socket.io-client-java/actions/runs/4561118559/jobs/8046719935,/home/jhilke/researh/ut-se/optimizing-ci-builds/log-analysis/analysis/rq2/log_wo_instrumentation/socket.io-client-java/CI.json,https://github.com/optimizing-ci-builds/socket.io-client-java/actions/runs/4500645561/jobs/7920047164,1680156014-f3221fe
socket.io-client-java,CI,.github/workflows/ci.yml,verify (11),success,success,,223,154,https://github.com/UT-SE-Research/ci-analyzes/tree/1680156014-f3221fe/socket.io-client-java/.github/workflows/ci/verify_java_11,,https://github.com/optimizing-ci-builds/socket.io-client-java/actions/runs/4561118559/jobs/8046720056,/home/jhilke/researh/ut-se/optimizing-ci-builds/log-analysis/analysis/rq2/log_wo_instrumentation/socket.io-client-java/CI.json,https://github.com/optimizing-ci-builds/socket.io-client-java/actions/runs/4500645561/jobs/7920047374,1680156014-f3221fe
joda-time,Build,.github/workflows/build.yml,build,success,failure,,1113,8,https://github.com/UT-SE-Research/ci-analyzes/tree/1680156014-f3221fe/joda-time/.github/workflows/build/build,/home/jhilke/researh/ut-se/optimizing-ci-builds/log-analysis/logs/1680156014-f3221fe/joda-time/Build.json,https://github.com/optimizing-ci-builds/joda-time/actions/runs/4561118952/jobs/8046720588,/home/jhilke/researh/ut-se/optimizing-ci-builds/log-analysis/logs/one-run-to-find-them-all/joda-time/Build.json,https://github.com/optimizing-ci-builds/joda-time/actions/runs/4300467853/jobs/7496680338,1680156014-f3221fe
kafdrop,Check Pull request,.github/workflows/close_inactive_issues.yml,build,success,success,,138,72,https://github.com/UT-SE-Research/ci-analyzes/tree/1680156014-f3221fe/kafdrop/.github/workflows/pull_request/build,/home/jhilke/researh/ut-se/optimizing-ci-builds/log-analysis/logs/1680156014-f3221fe/kafdrop/Check Pull request.json,https://github.com/optimizing-ci-builds/kafdrop/actions/runs/4561119361/jobs/8046721535,/home/jhilke/researh/ut-se/optimizing-ci-builds/log-analysis/logs/one-run-to-find-them-all/kafdrop/Check Pull request.json,https://github.com/optimizing-ci-builds/kafdrop/actions/runs/4300468140/jobs/7496680922,1680156014-f3221fe
kafdrop,Release with mvn,.github/workflows/close_inactive_issues.yml,build,failure,failure,Login to Docker Hub,354,306,https://github.com/UT-SE-Research/ci-analyzes/tree/1680156014-f3221fe/kafdrop/.github/workflows/master/build,/home/jhilke/researh/ut-se/optimizing-ci-builds/log-analysis/logs/1680156014-f3221fe/kafdrop/Release with mvn.json,https://github.com/optimizing-ci-builds/kafdrop/actions/runs/4561119360/jobs/8046721531,/home/jhilke/researh/ut-se/optimizing-ci-builds/log-analysis/analysis/rq2/log_wo_instrumentation_old/kafdrop/Release with mvn.json,https://github.com/optimizing-ci-builds/kafdrop/actions/runs/4433535731/jobs/7778668716,1680156014-f3221fe
JSqlParser,Java CI with Maven,.github/workflows/maven.yml,Java 8 building ...,success,success,,1400,110,https://github.com/UT-SE-Research/ci-analyzes/tree/1680156014-f3221fe/JSqlParser/.github/workflows/maven/build_java_8,/home/jhilke/researh/ut-se/optimizing-ci-builds/log-analysis/logs/1680156014-f3221fe/JSqlParser/Java CI with Maven.json,https://github.com/optimizing-ci-builds/JSqlParser/actions/runs/4561119929/jobs/8046722862,/home/jhilke/researh/ut-se/optimizing-ci-builds/log-analysis/analysis/rq2/log_wo_instrumentation/JSqlParser/Java CI with Maven.json,https://github.com/optimizing-ci-builds/JSqlParser/actions/runs/4501503173/jobs/7922025137,1680156014-f3221fe
JSqlParser,Java CI with Maven,.github/workflows/maven.yml,Java 11 building ...,success,success,,1670,123,https://github.com/UT-SE-Research/ci-analyzes/tree/1680156014-f3221fe/JSqlParser/.github/workflows/maven/build_java_11,,https://github.com/optimizing-ci-builds/JSqlParser/actions/runs/4561119929/jobs/8046722990,/home/jhilke/researh/ut-se/optimizing-ci-builds/log-analysis/analysis/rq2/log_wo_instrumentation/JSqlParser/Java CI with Maven.json,https://github.com/optimizing-ci-builds/JSqlParser/actions/runs/4501503173/jobs/7922025384,1680156014-f3221fe
open-location-code,CI,.github/workflows/main.yml,test-c,success,success,,95,27,https://github.com/UT-SE-Research/ci-analyzes/tree/1680156014-f3221fe/open-location-code/.github/workflows/main/testc,/home/jhilke/researh/ut-se/optimizing-ci-builds/log-analysis/logs/1680156014-f3221fe/open-location-code/CI.json,https://github.com/optimizing-ci-builds/open-location-code/actions/runs/4561121174/jobs/8046725603,/home/jhilke/researh/ut-se/optimizing-ci-builds/log-analysis/logs/one-run-to-find-them-all/open-location-code/CI.json,https://github.com/optimizing-ci-builds/open-location-code/actions/runs/4300468958/jobs/7496682597,1680156014-f3221fe
open-location-code,CI,.github/workflows/main.yml,test-cpp,success,success,,135,40,https://github.com/UT-SE-Research/ci-analyzes/tree/1680156014-f3221fe/open-location-code/.github/workflows/main/testcpp,,https://github.com/optimizing-ci-builds/open-location-code/actions/runs/4561121174/jobs/8046725988,/home/jhilke/researh/ut-se/optimizing-ci-builds/log-analysis/logs/one-run-to-find-them-all/open-location-code/CI.json,https://github.com/optimizing-ci-builds/open-location-code/actions/runs/4300468958/jobs/7496682696,1680156014-f3221fe
open-location-code,CI,.github/workflows/main.yml,test-dart,success,success,,87,12,https://github.com/UT-SE-Research/ci-analyzes/tree/1680156014-f3221fe/open-location-code/.github/workflows/main/testdart,,https://github.com/optimizing-ci-builds/open-location-code/actions/runs/4561121174/jobs/8046726648,/home/jhilke/researh/ut-se/optimizing-ci-builds/log-analysis/logs/one-run-to-find-them-all/open-location-code/CI.json,https://github.com/optimizing-ci-builds/open-location-code/actions/runs/4300468958/jobs/7496682652,1680156014-f3221fe
open-location-code,CI,.github/workflows/main.yml,test-go,success,success,,86,29,https://github.com/UT-SE-Research/ci-analyzes/tree/1680156014-f3221fe/open-location-code/.github/workflows/main/testgo,,https://github.com/optimizing-ci-builds/open-location-code/actions/runs/4561121174/jobs/8046726820,/home/jhilke/researh/ut-se/optimizing-ci-builds/log-analysis/logs/one-run-to-find-them-all/open-location-code/CI.json,https://github.com/optimizing-ci-builds/open-location-code/actions/runs/4300468958/jobs/7496682520,1680156014-f3221fe
open-location-code,CI,.github/workflows/main.yml,test-java-8,success,success,,114,56,https://github.com/UT-SE-Research/ci-analyzes/tree/1680156014-f3221fe/open-location-code/.github/workflows/main/testjava_java_8,,https://github.com/optimizing-ci-builds/open-location-code/actions/runs/4561121174/jobs/8046727436,/home/jhilke/researh/ut-se/optimizing-ci-builds/log-analysis/logs/one-run-to-find-them-all/open-location-code/CI.json,https://github.com/optimizing-ci-builds/open-location-code/actions/runs/4300468958/jobs/7496682751,1680156014-f3221fe
open-location-code,CI,.github/workflows/main.yml,test-java-11,success,success,,152,85,https://github.com/UT-SE-Research/ci-analyzes/tree/1680156014-f3221fe/open-location-code/.github/workflows/main/testjava_java_11,,https://github.com/optimizing-ci-builds/open-location-code/actions/runs/4561121174/jobs/8046727608,/home/jhilke/researh/ut-se/optimizing-ci-builds/log-analysis/logs/one-run-to-find-them-all/open-location-code/CI.json,https://github.com/optimizing-ci-builds/open-location-code/actions/runs/4300468958/jobs/7496682809,1680156014-f3221fe
open-location-code,CI,.github/workflows/main.yml,test-java-16,success,success,,163,75,https://github.com/UT-SE-Research/ci-analyzes/tree/1680156014-f3221fe/open-location-code/.github/workflows/main/testjava_java_16,,https://github.com/optimizing-ci-builds/open-location-code/actions/runs/4561121174/jobs/8046727763,/home/jhilke/researh/ut-se/optimizing-ci-builds/log-analysis/logs/one-run-to-find-them-all/open-location-code/CI.json,https://github.com/optimizing-ci-builds/open-location-code/actions/runs/4300468958/jobs/7496682865,1680156014-f3221fe
open-location-code,CI,.github/workflows/main.yml,test-java-17,success,success,,126,55,https://github.com/UT-SE-Research/ci-analyzes/tree/1680156014-f3221fe/open-location-code/.github/workflows/main/testjava_java_17,,https://github.com/optimizing-ci-builds/open-location-code/actions/runs/4561121174/jobs/8046727909,/home/jhilke/researh/ut-se/optimizing-ci-builds/log-analysis/logs/one-run-to-find-them-all/open-location-code/CI.json,https://github.com/optimizing-ci-builds/open-location-code/actions/runs/4300468958/jobs/7496682921,1680156014-f3221fe
open-location-code,CI,.github/workflows/main.yml,test-js,success,success,,1355,43,https://github.com/UT-SE-Research/ci-analyzes/tree/1680156014-f3221fe/open-location-code/.github/workflows/main/testjs,,https://github.com/optimizing-ci-builds/open-location-code/actions/runs/4561121174/jobs/8046728112,/home/jhilke/researh/ut-se/optimizing-ci-builds/log-analysis/logs/one-run-to-find-them-all/open-location-code/CI.json,https://github.com/optimizing-ci-builds/open-location-code/actions/runs/4300468958/jobs/7496682987,1680156014-f3221fe
open-location-code,CI,.github/workflows/main.yml,test-js-closure,success,success,,1132,207,https://github.com/UT-SE-Research/ci-analyzes/tree/1680156014-f3221fe/open-location-code/.github/workflows/main/testjsclosure,,https://github.com/optimizing-ci-builds/open-location-code/actions/runs/4561121174/jobs/8046728311,/home/jhilke/researh/ut-se/optimizing-ci-builds/log-analysis/logs/one-run-to-find-them-all/open-location-code/CI.json,https://github.com/optimizing-ci-builds/open-location-code/actions/runs/4300468958/jobs/7496683058,1680156014-f3221fe
open-location-code,CI,.github/workflows/main.yml,test-python-2.7,cancelled,cancelled,,48,26,https://github.com/UT-SE-Research/ci-analyzes/tree/1680156014-f3221fe/open-location-code/.github/workflows/main/testpython_python_2.7,,https://github.com/optimizing-ci-builds/open-location-code/actions/runs/4561121174/jobs/8046728459,/home/jhilke/researh/ut-se/optimizing-ci-builds/log-analysis/logs/one-run-to-find-them-all/open-location-code/CI.json,https://github.com/optimizing-ci-builds/open-location-code/actions/runs/4300468958/jobs/7496683122,1680156014-f3221fe
open-location-code,CI,.github/workflows/main.yml,test-python-3.6,failure,failure,Run actions/setup-python@v2,25,3,https://github.com/UT-SE-Research/ci-analyzes/tree/1680156014-f3221fe/open-location-code/.github/workflows/main/testpython_python_3.6,,https://github.com/optimizing-ci-builds/open-location-code/actions/runs/4561121174/jobs/8046728654,/home/jhilke/researh/ut-se/optimizing-ci-builds/log-analysis/logs/one-run-to-find-them-all/open-location-code/CI.json,https://github.com/optimizing-ci-builds/open-location-code/actions/runs/4300468958/jobs/7496683180,1680156014-f3221fe
open-location-code,CI,.github/workflows/main.yml,test-python-3.7,cancelled,cancelled,,0,0,,,https://github.com/optimizing-ci-builds/open-location-code/actions/runs/4561121174/jobs/8046728808,/home/jhilke/researh/ut-se/optimizing-ci-builds/log-analysis/logs/one-run-to-find-them-all/open-location-code/CI.json,https://github.com/optimizing-ci-builds/open-location-code/actions/runs/4300468958/jobs/7496683226,1680156014-f3221fe
open-location-code,CI,.github/workflows/main.yml,test-python-3.8,cancelled,cancelled,,0,0,,,https://github.com/optimizing-ci-builds/open-location-code/actions/runs/4561121174/jobs/8046728952,/home/jhilke/researh/ut-se/optimizing-ci-builds/log-analysis/logs/one-run-to-find-them-all/open-location-code/CI.json,https://github.com/optimizing-ci-builds/open-location-code/actions/runs/4300468958/jobs/7496683283,1680156014-f3221fe
open-location-code,CI,.github/workflows/main.yml,test-ruby,failure,failure,test,86,18,https://github.com/UT-SE-Research/ci-analyzes/tree/1680156014-f3221fe/open-location-code/.github/workflows/main/testruby,,https://github.com/optimizing-ci-builds/open-location-code/actions/runs/4561121174/jobs/8046729072,/home/jhilke/researh/ut-se/optimizing-ci-builds/log-analysis/logs/one-run-to-find-them-all/open-location-code/CI.json,https://github.com/optimizing-ci-builds/open-location-code/actions/runs/4300468958/jobs/7496683346,1680156014-f3221fe
open-location-code,CI,.github/workflows/main.yml,test-rust,success,success,,317,80,https://github.com/UT-SE-Research/ci-analyzes/tree/1680156014-f3221fe/open-location-code/.github/workflows/main/testrust,,https://github.com/optimizing-ci-builds/open-location-code/actions/runs/4561121174/jobs/8046729216,/home/jhilke/researh/ut-se/optimizing-ci-builds/log-analysis/logs/one-run-to-find-them-all/open-location-code/CI.json,https://github.com/optimizing-ci-builds/open-location-code/actions/runs/4300468958/jobs/7496683422,1680156014-f3221fe
javassist,Java CI with Maven,.github/workflows/maven.yml,build (ubuntu-latest; 11.0.3),success,success,,1218,43,https://github.com/UT-SE-Research/ci-analyzes/tree/1680156014-f3221fe/javassist/.github/workflows/maven/build_os_ubuntu-latest_java-version_11.0.3,/home/jhilke/researh/ut-se/optimizing-ci-builds/log-analysis/logs/1680156014-f3221fe/javassist/Java CI with Maven.json,https://github.com/optimizing-ci-builds/javassist/actions/runs/4561121646/jobs/8046725957,/home/jhilke/researh/ut-se/optimizing-ci-builds/log-analysis/logs/one-run-to-find-them-all/javassist/Java CI with Maven.json,https://github.com/optimizing-ci-builds/javassist/actions/runs/4300469121/jobs/7496682930,1680156014-f3221fe
javassist,Java CI with Maven,.github/workflows/maven.yml,build (ubuntu-latest; 11),success,success,,1411,49,https://github.com/UT-SE-Research/ci-analyzes/tree/1680156014-f3221fe/javassist/.github/workflows/maven/build_os_ubuntu-latest_java-version_11,,https://github.com/optimizing-ci-builds/javassist/actions/runs/4561121646/jobs/8046726129,/home/jhilke/researh/ut-se/optimizing-ci-builds/log-analysis/logs/one-run-to-find-them-all/javassist/Java CI with Maven.json,https://github.com/optimizing-ci-builds/javassist/actions/runs/4300469121/jobs/7496682980,1680156014-f3221fe
dynamic-datasource-spring-boot-starter,Java CI with Maven,.github/workflows/codeql-analysis.yml,build,success,success,,618,401,https://github.com/UT-SE-Research/ci-analyzes/tree/1680156014-f3221fe/dynamic-datasource-spring-boot-starter/.github/workflows/maven/build,/home/jhilke/researh/ut-se/optimizing-ci-builds/log-analysis/logs/1680156014-f3221fe/dynamic-datasource-spring-boot-starter/Java CI with Maven.json,https://github.com/optimizing-ci-builds/dynamic-datasource-spring-boot-starter/actions/runs/4561122413/jobs/8046727272,/home/jhilke/researh/ut-se/optimizing-ci-builds/log-analysis/logs/one-run-to-find-them-all/dynamic-datasource-spring-boot-starter/Java CI with Maven.json,https://github.com/optimizing-ci-builds/dynamic-datasource-spring-boot-starter/actions/runs/4300469347/jobs/7496683400,1680156014-f3221fe
99-problems,Java CI,.github/workflows/ci.yml,Test JDK 8; ubuntu-latest,success,failure,,83,139,https://github.com/UT-SE-Research/ci-analyzes/tree/1680156014-f3221fe/99-problems/.github/workflows/ci/test_os_ubuntu-latest_java_8,/home/jhilke/researh/ut-se/optimizing-ci-builds/log-analysis/logs/1680156014-f3221fe/99-problems/Java CI.json,https://github.com/optimizing-ci-builds/99-problems/actions/runs/4561123013/jobs/8046728598,/home/jhilke/researh/ut-se/optimizing-ci-builds/log-analysis/logs/one-run-to-find-them-all/99-problems/Java CI.json,https://github.com/optimizing-ci-builds/99-problems/actions/runs/4308755468/jobs/7515375639,1680156014-f3221fe
99-problems,Java CI,.github/workflows/ci.yml,Test JDK 11; ubuntu-latest,success,success,,105,188,https://github.com/UT-SE-Research/ci-analyzes/tree/1680156014-f3221fe/99-problems/.github/workflows/ci/test_os_ubuntu-latest_java_11,,https://github.com/optimizing-ci-builds/99-problems/actions/runs/4561123013/jobs/8046728752,/home/jhilke/researh/ut-se/optimizing-ci-builds/log-analysis/logs/one-run-to-find-them-all/99-problems/Java CI.json,https://github.com/optimizing-ci-builds/99-problems/actions/runs/4308755468/jobs/7515375816,1680156014-f3221fe
99-problems,Java CI,.github/workflows/ci.yml,Test JDK 15; ubuntu-latest,success,success,,104,23,https://github.com/UT-SE-Research/ci-analyzes/tree/1680156014-f3221fe/99-problems/.github/workflows/ci/test_os_ubuntu-latest_java_15,,https://github.com/optimizing-ci-builds/99-problems/actions/runs/4561123013/jobs/8046728926,/home/jhilke/researh/ut-se/optimizing-ci-builds/log-analysis/logs/one-run-to-find-them-all/99-problems/Java CI.json,https://github.com/optimizing-ci-builds/99-problems/actions/runs/4308755468/jobs/7515375919,1680156014-f3221fe
99-problems,Java CI,.github/workflows/ci.yml,Test JDK 8; macOS-latest,failure,success,Run sudo apt update,26,25,https://github.com/UT-SE-Research/ci-analyzes/tree/1680156014-f3221fe/99-problems/.github/workflows/ci/test_os_macOS-latest_java_8,,https://github.com/optimizing-ci-builds/99-problems/actions/runs/4561123013/jobs/8046729039,/home/jhilke/researh/ut-se/optimizing-ci-builds/log-analysis/logs/one-run-to-find-them-all/99-problems/Java CI.json,https://github.com/optimizing-ci-builds/99-problems/actions/runs/4308755468/jobs/7515376042,1680156014-f3221fe
99-problems,Java CI,.github/workflows/ci.yml,Test JDK 11; macOS-latest,failure,success,Run sudo apt update,45,108,https://github.com/UT-SE-Research/ci-analyzes/tree/1680156014-f3221fe/99-problems/.github/workflows/ci/test_os_macOS-latest_java_11,,https://github.com/optimizing-ci-builds/99-problems/actions/runs/4561123013/jobs/8046729149,/home/jhilke/researh/ut-se/optimizing-ci-builds/log-analysis/logs/one-run-to-find-them-all/99-problems/Java CI.json,https://github.com/optimizing-ci-builds/99-problems/actions/runs/4308755468/jobs/7515376176,1680156014-f3221fe
99-problems,Java CI,.github/workflows/ci.yml,Test JDK 15; macOS-latest,failure,failure,Run sudo apt update,43,33,https://github.com/UT-SE-Research/ci-analyzes/tree/1680156014-f3221fe/99-problems/.github/workflows/ci/test_os_macOS-latest_java_15,,https://github.com/optimizing-ci-builds/99-problems/actions/runs/4561123013/jobs/8046729246,/home/jhilke/researh/ut-se/optimizing-ci-builds/log-analysis/logs/one-run-to-find-them-all/99-problems/Java CI.json,https://github.com/optimizing-ci-builds/99-problems/actions/runs/4308755468/jobs/7515376300,1680156014-f3221fe
99-problems,Java CI,.github/workflows/ci.yml,Test JDK 8; windows-latest,failure,success,Run sudo apt update,124,105,https://github.com/UT-SE-Research/ci-analyzes/tree/1680156014-f3221fe/99-problems/.github/workflows/ci/test_os_windows-latest_java_8,,https://github.com/optimizing-ci-builds/99-problems/actions/runs/4561123013/jobs/8046729353,/home/jhilke/researh/ut-se/optimizing-ci-builds/log-analysis/logs/one-run-to-find-them-all/99-problems/Java CI.json,https://github.com/optimizing-ci-builds/99-problems/actions/runs/4308755468/jobs/7515376398,1680156014-f3221fe
99-problems,Java CI,.github/workflows/ci.yml,Test JDK 11; windows-latest,failure,success,Run sudo apt update,104,238,https://github.com/UT-SE-Research/ci-analyzes/tree/1680156014-f3221fe/99-problems/.github/workflows/ci/test_os_windows-latest_java_11,,https://github.com/optimizing-ci-builds/99-problems/actions/runs/4561123013/jobs/8046729460,/home/jhilke/researh/ut-se/optimizing-ci-builds/log-analysis/logs/one-run-to-find-them-all/99-problems/Java CI.json,https://github.com/optimizing-ci-builds/99-problems/actions/runs/4308755468/jobs/7515376510,1680156014-f3221fe
99-problems,Java CI,.github/workflows/ci.yml,Test JDK 15; windows-latest,failure,success,Run sudo apt update,102,76,https://github.com/UT-SE-Research/ci-analyzes/tree/1680156014-f3221fe/99-problems/.github/workflows/ci/test_os_windows-latest_java_15,,https://github.com/optimizing-ci-builds/99-problems/actions/runs/4561123013/jobs/8046729601,/home/jhilke/researh/ut-se/optimizing-ci-builds/log-analysis/logs/one-run-to-find-them-all/99-problems/Java CI.json,https://github.com/optimizing-ci-builds/99-problems/actions/runs/4308755468/jobs/7515376615,1680156014-f3221fe
jackson-databind,Build and Deploy Snapshot,.github/workflows/codeql-analysis.yml,build (8; ubuntu-20.04),failure,failure,Deploy snapshot,5208,87,https://github.com/UT-SE-Research/ci-analyzes/tree/1680156014-f3221fe/jackson-databind/.github/workflows/main/build_java_version_8_os_ubuntu-20.04,/home/jhilke/researh/ut-se/optimizing-ci-builds/log-analysis/logs/1680156014-f3221fe/jackson-databind/Build and Deploy Snapshot.json,https://github.com/optimizing-ci-builds/jackson-databind/actions/runs/4561123580/jobs/8046729843,/home/jhilke/researh/ut-se/optimizing-ci-builds/log-analysis/logs/one-run-to-find-them-all/jackson-databind/Build and Deploy Snapshot.json,https://github.com/optimizing-ci-builds/jackson-databind/actions/runs/4300469876/jobs/7496684377,1680156014-f3221fe
jackson-databind,Build and Deploy Snapshot,.github/workflows/codeql-analysis.yml,build (11; ubuntu-20.04),failure,failure,Deploy snapshot,5481,108,https://github.com/UT-SE-Research/ci-analyzes/tree/1680156014-f3221fe/jackson-databind/.github/workflows/main/build_java_version_11_os_ubuntu-20.04,,https://github.com/optimizing-ci-builds/jackson-databind/actions/runs/4561123580/jobs/8046729991,/home/jhilke/researh/ut-se/optimizing-ci-builds/log-analysis/logs/one-run-to-find-them-all/jackson-databind/Build and Deploy Snapshot.json,https://github.com/optimizing-ci-builds/jackson-databind/actions/runs/4300469876/jobs/7496684472,1680156014-f3221fe
Algorithms,QA check,.github/workflows/check.yml,build,success,success,,98,25,https://github.com/UT-SE-Research/ci-analyzes/tree/1680156014-f3221fe/Algorithms/.github/workflows/check/build,/home/jhilke/researh/ut-se/optimizing-ci-builds/log-analysis/logs/1680156014-f3221fe/Algorithms/QA check.json,https://github.com/optimizing-ci-builds/Algorithms/actions/runs/4561123942/jobs/8046730695,/home/jhilke/researh/ut-se/optimizing-ci-builds/log-analysis/analysis/rq2/log_wo_instrumentation/Algorithms/QA check.json,https://github.com/optimizing-ci-builds/Algorithms/actions/runs/4500332004/jobs/7919321085,1680156014-f3221fe
aws-cf-templates,CI,.github/workflows/ci.yml,build,success,failure,,115,15,https://github.com/UT-SE-Research/ci-analyzes/tree/1680156014-f3221fe/aws-cf-templates/.github/workflows/ci/build,/home/jhilke/researh/ut-se/optimizing-ci-builds/log-analysis/logs/1680156014-f3221fe/aws-cf-templates/CI.json,https://github.com/optimizing-ci-builds/aws-cf-templates/actions/runs/4561124358/jobs/8046731591,/home/jhilke/researh/ut-se/optimizing-ci-builds/log-analysis/logs/one-run-to-find-them-all/aws-cf-templates/CI.json,https://github.com/optimizing-ci-builds/aws-cf-templates/actions/runs/4300470457/jobs/7496685547,1680156014-f3221fe
